date,time,headline,datetime
2024-04-30,04:21PM,"Walmart shuttering health units, including telehealth and 51 clinics",2024-04-30 16:21:00
2024-04-30,04:18PM,"Amazon Stock Gains On Earnings Beat, Strong Cloud Growth",2024-04-30 16:18:00
2024-04-30,04:17PM,Amazon Q1 earnings top Street estimates,2024-04-30 16:17:00
2024-04-30,04:16PM,"Amazon.com Q1 Earnings, Sales Rise; Shares Gain After Hours",2024-04-30 16:16:00
2024-04-30,04:14PM,Amazon set to report first-quarter earnings after the bell: Here's what you need to know,2024-04-30 16:14:00
2024-04-30,04:11PM,Amazon stock pops after earnings beat,2024-04-30 16:11:00
2024-04-30,04:09PM,Amazon Stock Jumps on Strong Growth for AWS,2024-04-30 16:09:00
2024-04-30,04:08PM,Amazon: Q1 Earnings Snapshot,2024-04-30 16:08:00
2024-04-30,04:05PM,UPDATE 1-Amazon forecasts quarterly revenue below estimates,2024-04-30 16:05:00
2024-04-30,04:04PM,Amazon forecasts quarterly revenue below estimates,2024-04-30 16:04:00
2024-04-30,04:01PM,Amazon.com Announces First Quarter Results,2024-04-30 16:01:00
2024-04-30,03:51PM,Equity Markets Down Ahead of Amazon Earnings,2024-04-30 15:51:00
2024-04-30,03:25PM,How Amazon's New Entreprise AI Assistant Amazon Q Could Heat Up Big Tech's AI Race,2024-04-30 15:25:00
2024-04-30,02:59PM,Amazon hosts week-long online gaming promotion,2024-04-30 14:59:00
2024-04-30,02:51PM,"Equity Markets Fall Intraday as Traders Parse Earnings, Await Amazon Results",2024-04-30 14:51:00
2024-04-30,02:10PM,Amazon Results to Bring More Scrutiny for AI-Tethered Stocks,2024-04-30 14:10:00
2024-04-30,02:08PM,Magnificent Seven Stocks Largely Dip Before Amazon Earnings Release,2024-04-30 14:08:00
2024-04-30,01:38PM,Amazon Earnings Today: What to Expect,2024-04-30 13:38:00
2024-04-30,01:19PM,Amazon to report first-quarter earnings after the bell: Here's what you need to know,2024-04-30 13:19:00
2024-04-30,12:45PM,AGBA Stock Pops 35% on Triller Merger Update,2024-04-30 12:45:00
2024-04-30,12:38PM,Amazon Stock Dividend? Keep an Eye on Q1 Earnings After the Bell Today.,2024-04-30 12:38:00
2024-04-30,12:13PM,"Brookline Bancorp, Inc. (NASDAQ:BRKL) Q1 2024 Earnings Call Transcript",2024-04-30 12:13:00
2024-04-30,11:57AM,The AI Hype Is About to Get a Big Test. Why One Analyst Is Nervous.,2024-04-30 11:57:00
2024-04-30,11:30AM,3 AI Stocks You'll Wish You'd Bought on the Dip,2024-04-30 11:30:00
2024-04-30,10:22AM,Apple's China demand woes are 'overblown': Strategist,2024-04-30 10:22:00
2024-04-30,09:59AM,Why Amazon Should Start Paying a Dividend,2024-04-30 09:59:00
2024-04-30,09:56AM,Amazon and AMD Earnings Will Test the AI Hype. Why One Analyst Is Nervous.,2024-04-30 09:56:00
2024-04-30,09:55AM,What Amazons earnings tell you about these five things is crucial,2024-04-30 09:55:00
2024-04-30,09:55AM,Amazon earnings: 5 things to focus on in the 'everything stock' update,2024-04-30 09:55:00
2024-04-30,09:48AM,Amazon Q1 earnings: The 3 figures investors will be watching,2024-04-30 09:48:00
2024-04-30,09:13AM,"Fed decision, Amazon earnings, McDonald's prices: 3 Things",2024-04-30 09:13:00
2024-04-30,09:00AM,"AWS Announces General Availability of Amazon Q, the Most Capable Generative AI-Powered Assistant for Accelerating Software Development and Leveraging Companies Internal Data",2024-04-30 09:00:00
2024-04-30,08:31AM,"Walmart Pulls Plug On Health Centers, Telehealth; Respite For TDOC?",2024-04-30 08:31:00
2024-04-30,08:24AM,Amazon Can Afford a Dividend. Its Earnings Will Underscore That.,2024-04-30 08:24:00
2024-04-30,08:21AM,Walmart is launching its own premium grocery brand to compete with Trader Joe's and Whole Foods,2024-04-30 08:21:00
2024-04-30,08:18AM,Amazon Q1 results on deck: Here's what to expect,2024-04-30 08:18:00
2024-04-30,08:05AM,Here Are My 3 Top Artificial Intelligence (AI) Stocks to Buy Right Now,2024-04-30 08:05:00
2024-04-30,07:53AM,RPT-Amazon.com may be feeling pressure to join the dividend club,2024-04-30 07:53:00
2024-04-30,07:30AM,"McDonald's, Coca-Cola report, investors await Amazon, AMD: Yahoo Finance",2024-04-30 07:30:00
2024-04-30,07:00AM,3 AI Stocks With the Potential to Make You an Overnight Millionaire,2024-04-30 07:00:00
2024-04-30,06:30AM,Stock Market Crash Alert: 3 Must-Buy Cathie Wood Stocks When Prices Plunge,2024-04-30 06:30:00
2024-04-30,06:29AM,3 Retail Stock Rejects to Avoid at All Costs,2024-04-30 06:29:00
2024-04-30,06:07AM,Amazon.com may be feeling pressure to join the dividend club,2024-04-30 06:07:00
2024-04-30,06:00AM,Stock Market Crash Alert: 3 Must-Buy Transportation Stocks When Prices Plunge,2024-04-30 06:00:00
2024-04-30,05:57AM,Amazon.com Holds History of Adding to Earnings-Driven After-Hours Declines in Follow-On Regular Session,2024-04-30 05:57:00
2024-04-30,05:26AM,Amazon earnings preview: AI initiatives expected to take focus,2024-04-30 05:26:00
2024-04-30,04:06AM,"5 of the ""Magnificent Seven"" Stocks Pay a Dividend. In Mere Hours, a New Member May Join the Club",2024-04-30 04:06:00
2024-04-30,04:00AM,Billionaires Are Selling Nvidia and Buying This Artificial Intelligence (AI) Stock Instead,2024-04-30 04:00:00
2024-04-30,01:30AM,"Amazon Earnings Day Is Here. Focus On AWS, AI, and Advertising.",2024-04-30 01:30:00
Apr-29-24,07:17PM,30 Most Visited Websites in the World So Far in 2024,2024-04-29 19:17:00
Apr-29-24,07:15PM,Options Action: Traders bullish on Amazon ahead of earnings,2024-04-29 19:15:00
Apr-29-24,05:40PM,Amazon sets new shipping speed records in Q1 2024,2024-04-29 17:40:00
Apr-29-24,05:26PM,"Amazon, AMD, 3M earnings, consumer data: What to watch",2024-04-29 17:26:00
Apr-29-24,04:55PM,30 Wealthiest People in Canada,2024-04-29 16:55:00
Apr-29-24,04:53PM,Amazon earnings: All eyes on cloud growth for AWS?,2024-04-29 16:53:00
Apr-29-24,04:30PM,AI Jackpot: 7 Machine Learning Stocks to Double Down On,2024-04-29 16:30:00
Apr-29-24,04:09PM,"Amazon Earnings Preview: Investors Watching AWS Growth, Ad Push, AI Spending",2024-04-29 16:09:00
Apr-29-24,04:01PM,Ginkgo Bioworks Announces Nomination of Myrtle Potter and Ross Fubini to Board of Directors,2024-04-29 16:01:00
Apr-29-24,04:00PM,Nvidia's Woes Are Your Windfall: 3 AI Stocks to Grab Now,2024-04-29 16:00:00
Apr-29-24,03:47PM,30 Small Business Ideas for Teens,2024-04-29 15:47:00
Apr-29-24,03:35PM,The Dow takes a break as earnings season ramps up,2024-04-29 15:35:00
Apr-29-24,03:24PM,Amazon Prime Day is returning in 2024,2024-04-29 15:24:00
Apr-29-24,03:23PM,5 Best Reddit Stocks to Buy Now,2024-04-29 15:23:00
Apr-29-24,02:08PM,Apple and Amazon set to report earnings this week. Here's what to expect,2024-04-29 14:08:00
Apr-29-24,12:46PM,"Amazon Says It Made Record Number of Same-Day, Next-Day Deliveries in Opening Months of 2024",2024-04-29 12:46:00
Apr-29-24,12:29PM,Amazon's Chart Offers Clues Before Tuesday's Q1 Earnings Reveal,2024-04-29 12:29:00
Apr-29-24,12:22PM,How tech giants play off of each other's earnings: Strategist,2024-04-29 12:22:00
Apr-29-24,12:16PM,20 Countries That Produce the Most Gold in the World,2024-04-29 12:16:00
Apr-29-24,11:50AM,13 Most Popular Retail Investor Stocks in 2024,2024-04-29 11:50:00
Apr-29-24,11:20AM,Here's how much tech giants spent on AI this quarter,2024-04-29 11:20:00
Apr-29-24,11:20AM,Heard on the Street: Apples Fear Factor Is a Draw,2024-04-29 11:20:00
Apr-29-24,11:18AM,Tesla's Elon Musk is richer than Amazon's Jeff Bezos   again,2024-04-29 11:18:00
Apr-29-24,11:13AM,"Amazon earnings preview: Bar higher for ad revenue after strong Snap, Microsoft results",2024-04-29 11:13:00
Apr-29-24,10:26AM,Fed rate hikes remain a 'remote' possibility: Analyst,2024-04-29 10:26:00
Apr-29-24,10:19AM,Amazon Prime deliveries are getting faster than ever,2024-04-29 10:19:00
Apr-29-24,09:05AM,3 Magnificent Growth ETFs Every Investor Under 40 Should Own,2024-04-29 09:05:00
Apr-29-24,08:26AM,Microsoft Stock: Why This Magnificent 7 Baddie Is Leaving AMZN and GOOG in the Dust,2024-04-29 08:26:00
Apr-29-24,08:15AM,What Makes Amazon (AMZN) Attractive Ahead of Q1 Earnings?,2024-04-29 08:15:00
Apr-29-24,08:00AM,Unlocking Intrinsic Value: Analysis of Amazon.com Inc,2024-04-29 08:00:00
Apr-29-24,08:00AM,"Billionaire Investor Jim Simons Just Bought These 3 ""Magnificent Seven"" Stocks",2024-04-29 08:00:00
Apr-29-24,08:00AM,Amazon Employees in Alabama Could Get a Third UnionizationÂ Vote,2024-04-29 08:00:00
Apr-29-24,07:23AM,"Tesla surges on China win, investors brace for huge week: Yahoo Finance",2024-04-29 07:23:00
Apr-29-24,07:20AM,Super Micro Computer Highlights Another Busy Earnings Calendar; Amazon Stock Strong Ahead Of Results,2024-04-29 07:20:00
Apr-29-24,06:54AM,"Apple, Amazon, Fed Rates Could Have a Devastating Effect on Stocks, Heres Why. And 5 Other Things to Know Before Markets Open.",2024-04-29 06:54:00
Apr-29-24,05:45AM,"New Street Adjusts Amazon.com 's Price Target to $235 From $224, Keeps Buy Rating",2024-04-29 05:45:00
Apr-29-24,05:08AM,"SoFi, ON Semiconductor, Amazon, Super Micro, and Other Tech Stocks in Focus Today",2024-04-29 05:08:00
Apr-29-24,05:06AM,4 Artificial Intelligence (AI) Stocks Members of Congress Can't Stop Buying (and Nvidia Isn't 1 of Them!),2024-04-29 05:06:00
Apr-29-24,04:44AM,"A Fed meeting, jobs report, and more Big Tech earnings: What to know this week",2024-04-29 04:44:00
Apr-29-24,04:05AM,Here's Exactly How Amazon Stock Could Double Again by 2030,2024-04-29 04:05:00
Apr-28-24,06:34PM,Stocks Poised for Higher Open,2024-04-28 18:34:00
Apr-28-24,06:34PM,"A Key Week: Big Tech Earnings, Fed Rate Decision. What to Know.",2024-04-28 18:34:00
Apr-28-24,04:16PM,25 Richest Billionaires in Finance and Investments Industry,2024-04-28 16:16:00
Apr-28-24,12:00PM,"The AI trade is back, as confidence in Big Tech surges",2024-04-28 12:00:00
Apr-28-24,11:30AM,"3 No-Brainer EV Stocks to Buy With $1,000 Right Now",2024-04-28 11:30:00
Apr-28-24,11:05AM,One Third of Billionaire David Tepper's Portfolio Is Made Up of These 3 Magnificent Seven Stocks,2024-04-28 11:05:00
Apr-28-24,10:00AM,"Amazon.com Stock Has 20% Upside, According to 1 Wall Street Analyst",2024-04-28 10:00:00
Apr-28-24,09:45AM,My 3 Favorite Stocks to Buy Right Now,2024-04-28 09:45:00
Apr-28-24,08:00AM,What To Expect in the Markets This Week,2024-04-28 08:00:00
Apr-28-24,07:00AM,The Top 3 Growth Stocks to Buy in April 2024,2024-04-28 07:00:00
Apr-28-24,03:10AM,3 Growth Stocks to Buy and Hold Forever,2024-04-28 03:10:00
